Abuna Ginde Beret;
Adis Ababa;
Alem Gena;Boter
Alem Gena;D/Mango
Alem Gena;Kebele 01
Alem Gena;Kebele 02
Alem Gena;Kebele 03
Alem Gena;Kebele 04
Alem Gena;Kelecha
Alem Gena;Sebeta
Alem Gena;Shebha
Alem Gena;Yesira
Amaya;Abado Holei
Amaya;Abuye Jebilal
Amaya;Ajamo Kura
Amaya;Ajo Baha
Amaya;Ajo Jidu
Amaya;Ajo Lita
Amaya;Ali Bebo
Amaya;Arbaseden Kura
Amaya;Aroji Ejersa
Amaya;Ashutei Gambela
Amaya;Berei Tirtira
Amaya;Bereida Chilalo
Amaya;Bero Muri Yaa
Amaya;Biro Selan
Amaya;Cheha Kesei
Amaya;Dire Aroji
Amaya;Dunkeka
Amaya;Gemborei Aliye
Amaya;Gindo
Amaya;Guilt Bola
Amaya;Gutei Itiya
Amaya;Hudad 01
Amaya;Hudad 02
Amaya;Hudad 03
Amaya;I/Kersa
Amaya;Jefit Itiya
Amaya;Jibat Kuchulo
Amaya;K/Korit
Amaya;K/Robeyi
Amaya;Kaba Leku
Amaya;Kechema
Amaya;Kechemei Jirein
Amaya;Kenessa
Amaya;Kerssa Kilei
Amaya;Kono Kulit
Amaya;Korra
Amaya;Kota
Amaya;Kura Bole
Amaya;Lefito Tsigei
Amaya;Meri Sekela
Amaya;Moko Ujuba Kota
Amaya;Mugno Jila
Amaya;S/Abuke Gala
Amaya;S/Mere
Amaya;Shonkei Hudad 09
Amaya;Sobo
Amaya;T/Lemen
Amaya;Tiro
Amaya;Tiro Ilala
Amaya;Tsega Lafto
Amaya;Tumi
Amaya;Tumi Bino Sombo
Amaya;Wechileli Dobi
Amaya;Wele Kelo
Ambo;
Asendabo;
Becho;A.Bune
Becho;Asgori
Becho;Awash Bune
Becho;B/Gefere
Becho;Batu
Becho;Batu Chirecha
Becho;Bebeli
Becho;Bebeli Debegna
Becho;Becho Town
Becho;Bessa
Becho;Boji Geferei
Becho;Deka Guda
Becho;G/Badada
Becho;Gna gololei
Becho;Insilalei Keta
Becho;Jeto
Becho;Kara Sedeik
Becho;Kobo
Becho;Lencha Keshemei
Becho;Mendei Tufissa
Becho;S/Chirecha
Becho;Shankur
Becho;Sodo Liben
Becho;Soyoma
Becho;Tullu Bollo
Becho;Tulu Rada
Becho;Urago Tedei
Becho;Woserbi Abeti
Chandi;
Cheha;
Dano;
Dawo;Belchi Kenchera
Dawo;Beshi Kiltu
Dawo;Burka Gode
Dawo;Busa
Dawo;Bussa 01
Dawo;D/Sedden
Dawo;Dawo Kera
Dawo;Dawo Seden
Dawo;Dema   Jeluma
Dawo;Dere Ilanso
Dawo;Dima Jeliwan
Dawo;Dimtu Aba
Dawo;Gombissa Kusaye
Dawo;Gora Roge
Dawo;Jabodedi
Dawo;Jidukaa
Dawo;Kechema
Dawo;Kelecho Gerbi
Dawo;Kenchera Alito
Dawo;Kerssa Adeyi Galutei
Dawo;Kerssa Bombi
Dawo;Kishaw
Dawo;Mekeit Suntarei
Dawo;Nano Gebreil
Dawo;Reche
Dawo;Rechei Kusho
Dawo;S/Haribu
Dawo;Seiderei Harbu
Dawo;Tajib Gora Sakeyo
Dawo;Tute
Dawo;Tutei Kunchei
Dawo;Ulma Busa
Dendi;Ginchi
Deneba;
Elu;Alengo tulu
Elu;Amdo Kuncho
Elu;Asgori
Elu;Bantu Alito
Elu;Bilbil
Elu;Bile
Elu;Bili
Elu;D/Logo
Elu;Dugda Lugo
Elu;Golole Kiltu
Elu;Goro Kurkurfa
Elu;Jedu
Elu;Jigdu Mida
Elu;K/Kita
Elu;Keta
Elu;Keta Andode
Elu;Keta Asgori
Elu;Kule Gefersa
Elu;M/Satayi
Elu;Mulo satayi
Elu;Sembo Goro
Elu;Simbo Goro
Elu;Talgo Buti
Elu;Tulu Mangura
Elu;W/Kelena
Elu;Warersso Kolina
Elu;Wasarbi Basi
Elu;Woserbi Nado
Enmur;
Gibei;
Ginde Beret;
Goro;Abado Bukassa
Goro;Abadu
Goro;Adami Wadesa
Goro;Addis Alem
Goro;Bekisei
Goro;Burka Bido
Goro;Chancho
Goro;Chancho Soyoma
Goro;Charandis
Goro;Chirecha
Goro;Chirecha tedira
Goro;Dembel Dildilla
Goro;Dembi Kono
Goro;Didibe
Goro;Didibe Abado
Goro;Dogema Dembi
Goro;Finchere
Goro;Finchir Ambabeissa
Goro;Fugo Oda Mela
Goro;Galiye Rogda
Goro;Gambeilla Goro
Goro;Goro Town
Goro;Gosana Chirecha
Goro;Gurura town
Goro;Keinteiro Bido
Goro;Leimen Abado
Goro;Leimen Abu
Goro;Serano
Goro;Sinano
Goro;Sinano Amegna Gutei
Goro;Sololia Korei Abote
Goro;Wayu
Goro;Widibe
Gunchirei;
Jeldu;
Jimma;Chora Botor
Jimma;K/Sogola
Jimma;Sokoru
Kabena;
Kersa Malima;Adadi
Kersa Malima;Alga Delat
Kersa Malima;Arifeta
Kersa Malima;Awash Felte
Kersa Malima;Baye Giche
Kersa Malima;Chancho Robe
Kersa Malima;Cheleb Titu
Kersa Malima;Chobo Misdo
Kersa Malima;Damota daskekelo
Kersa Malima;Denbi Roge
Kersa Malima;Dewel Deira
Kersa Malima;Godeiti Wanber
Kersa Malima;Goro Gebreil
Kersa Malima;Gutu Urji
Kersa Malima;Harbu Wanbera
Kersa Malima;Hawa Dangago
Kersa Malima;Hawa Wayu
Kersa Malima;Ilala Seden
Kersa Malima;Ilala Wako
Kersa Malima;Kaso Mamei
Kersa Malima;Kersa Warko
Kersa Malima;Korei Sabi
Kersa Malima;Kusaye Bode
Kersa Malima;Kusaye Tiro
Kersa Malima;Lemen 01
Kersa Malima;Mazoria Golba
Kersa Malima;Muti Alibo
Kersa Malima;Muti Dayui
Kersa Malima;Taa Gola
Kersa Malima;Tuka Godeti
Kersa Malima;Tumei Wato
Kersa Malima;Worabo Haro
Kokir Gedebano;
Limmu;
Nono;Checha
Nono;Condo
Nono;Darge
Nono;Degag
Nono;Dibo
Nono;Jirra Gemechu
Nono;K/Denke
Nono;M/Korke
Nono;M/Silase
Nono;Nono Town
Nono;Silke Amba
Other;
Sebeta;
Seden Sodo;A/Boru
Seden Sodo;Abelite
Seden Sodo;Adadi Borale
Seden Sodo;Aderei Kotebei
Seden Sodo;Ajo
Seden Sodo;Alei Abeba
Seden Sodo;Alga Woserbi
Seden Sodo;Balekese
Seden Sodo;Chulule
Seden Sodo;D/Gidano
Seden Sodo;Detu
Seden Sodo;Ebisa
Seden Sodo;Ello
Seden Sodo;Fissewo
Seden Sodo;G/Dalota
Seden Sodo;G/Kistama
Seden Sodo;Gedebano
Seden Sodo;Gerbo
Seden Sodo;Godei Dula
Seden Sodo;Harbu Chululei
Seden Sodo;Ireinsso Alei Abeyi
Seden Sodo;Ireinsso chewa Daregot
Seden Sodo;Kesht
Seden Sodo;Kokir
Seden Sodo;L/Gedano
Seden Sodo;Legey
Seden Sodo;M/Seriti
Seden Sodo;Molohun
Seden Sodo;Mudena Iba
Seden Sodo;Mudena Ibayu
Seden Sodo;Ogu
Seden Sodo;R/Kusho
Seden Sodo;Tenocha
Seden Sodo;Tolei Belekeisi
Seden Sodo;Tolei Dalota
Seden Sodo;Urago
Seden Sodo;Wonchene
Seden Sodo;Yimer Amba
Serbo;
Sodo Dachi;A/Wayo
Sodo dachi;Badu Sonbo
Sodo dachi;Becheki
Sodo dachi;Burkuke Robelei
Sodo dachi;Cheka
Sodo dachi;Gala Mulicha
Sodo Dachi;Galiye
Sodo dachi;Gara Geteissa
Sodo dachi;Gatira Sutel
Sodo dachi;Gegno Golem
Sodo dachi;Guyei
Sodo dachi;Haro Oma
Sodo dachi;Haya Woredi
Sodo dachi;Kechema Dawei
Sodo dachi;Langano
Sodo Dachi;Lemen
Sodo dachi;Mariami Sirei
Sodo dachi;Meja Kimita
Sodo dachi;Odo leka
Sodo dachi;Seden Muchicheta
Sodo dachi;Terei 01
Sodo dachi;Terei Shino
Sokoru;
Teji;
Tolay;
Tole;A/S/Gichila
Tole;A/Solole
Tole;Alei
Tole;Alengo Tullu
Tole;Alenu Shenkora
Tole;Bantu
Tole;Bantu Boda
Tole;Batu
Tole;Bege
Tole;Besi Abukeiku
Tole;Besi Bilda
Tole;Bili Malima
Tole;Dawa Bisei
Tole;Dokat
Tole;Golole Temssa
Tole;Gonen Bubissa
Tole;Habibe
Tole;Jewaro
Tole;Jewaro Kora
Tole;K/A/Leka
Tole;K/Mariyam
Tole;Kura Luku
Tole;L/Boter
Tole;M/S Botonei
Tole;M/Sole
Tole;M/T/cherfa
Tole;Shancho
Tole;Sobo
Tole;T/Yaya
Tole;Tulu teji
Tole;Tumei Wayu
Tole;Weserbi
Tole;Woserbi Migridi
Walga;Abeshegei
Walga;Fite
Walga;Jejeba
Walga;Kulit
Wolisso Rural;Abado Jewe
Wolisso Rural;Abado Lemen
Wolisso Rural;Adami Gotu
Wolisso Rural;Ale Koya
Wolisso Rural;Beda Keiro
Wolisso Rural;Bedeisa Koricha
Wolisso Rural;Birbirsa Kenteiro
Wolisso Rural;Bukasa Keta
Wolisso Rural;Chefe Mekana
Wolisso Rural;Chiracha Wanbari
Wolisso Rural;Dembali Keta
Wolisso Rural;Derare Ebicha
Wolisso Rural;Dese Jebo
Wolisso Rural;Dildila Mangura
Wolisso Rural;Dilela Town
Wolisso Rural;Direi Duleti
Wolisso Rural;Doyo Kora
Wolisso Rural;Fodu Gora
Wolisso Rural;Gadu Kistana
Wolisso Rural;Gurura Baka
Wolisso Rural;Gute Godeti
Wolisso Rural;Ilala Kersa
Wolisso Rural;Jelisa Cheka
Wolisso Rural;K/Alemu
Wolisso Rural;K/Bedasa
Wolisso Rural;K/Bedeko
Wolisso Rural;K/Birbrisa
Wolisso Rural;Karo Simela
Wolisso Rural;Kegnera Lebu
Wolisso Rural;Kegnra
Wolisso Rural;Kile
Wolisso Rural;Kono Lefe Arba
Wolisso Rural;Korke
Wolisso Rural;Korra
Wolisso Rural;Kume
Wolisso Rural;L/Anchbe
Wolisso Rural;Leman
Wolisso Rural;Leman Abu
Wolisso Rural;Leman Ayitu
Wolisso Rural;Maru 
Wolisso Rural;Maru Babali
Wolisso Rural;Maru Fekei
Wolisso Rural;Obi
Wolisso Rural;Obi Koji
Wolisso Rural;S/Koke
Wolisso Rural;S/Yabet
Wolisso Rural;Senkele Ale Mariyam
Wolisso Rural;Sodo Gerbo
Wolisso Rural;Sombo Yabeta
Wolisso Rural;Sonkola
Wolisso Rural;Tobe
Wolisso Rural;Tolay
Wolisso Rural;Tombe Anchebi
Wolisso Rural;Walu Soma
Wolisso Rural;Warabu Bariyu
Wolisso Rural;Waranen Megnako
Wolisso Rural;Wolisoma
Wolisso Rural;Yaya
Wolisso town;Kebele 01
Wolisso town;Kebele 02
Wolisso town;Kebele 03
Wolisso town;Kebele 04
Wolisso Town;Kebele 05
Wolisso Town;Kebele 06
Wolisso Town;Kebele 07
Wolisso Town;Kebele 08
Wolkite;A/Becho
Wolkite;Acheber
Wolkite;Berio
Wolkite;Enge
Wolkite;Eza
Wolkite;Gumer
Wolkite;Gunchure
Wolkite;Gurura
Wolkite;Kebele 01
Wolkite;Kebele 02
Wolkite;Walga
Wonchi;Azer
Wonchi;Belbela Bulbula
Wonchi;Chebo Sansalti
Wonchi;Chitu town
Wonchi;Dae Wendimtu
Wonchi;Damu Degelei
Wonchi;Degoye Galiye
Wonchi;Dimtu Godeti
Wonchi;Dulelei Bilacha
Wonchi;Dulelei kori
Wonchi;Echa
Wonchi;Fite wato
Wonchi;Haro Beseka
Wonchi;Haro Kono
Wonchi;Haro Wonchi
Wonchi;Hazar  
Wonchi;Hazar Kerensa
Wonchi;Hono Fare
Wonchi;Kurfo Gutei
Wonchi;Leman Ayitu
Wonchi;M/Kube
Wonchi;M/Walga
Wonchi;Meiti Walga
Wonchi;Merga Abiye
Wonchi;Meti
Wonchi;Odo Fura
Wonchi;Senkolei Kake
Wonchi;Shegag
Wonchi;Sokole Kaki
Wonchi;Toleka Lema
Wonchi;Waldo Telfame
Wonchi;Werabu Bariyu
Wonchi;Worabu
